<?xml version="1.0" encoding="UTF-8"?>
<!DOCTYPE paneles SYSTEM "paneles.dtd">
<paneles>
    <evento tipo="a" fecha="a">
        <via>
            <nombre></nombre>
            <ref></ref>
            <origen></origen>
            <destino></destino>
            <doble></doble>
            <carriles></carriles>
        </via>
        <pk></pk>
        <retencion long="a"></retencion>
        <sentido></sentido>
        <carrilescortados valor="1"></carrilescortados>
    </evento>
</paneles>