<?xml version='1.0' encoding='UTF-8'?>
<usuarios>
  <usuario>
    <id>1</id>
    <nombre>Linzy</nombre>
    <apellido>Lavelle</apellido>
    <email>llavelle0@pcworld.com</email>
    <edad>72</edad>
    <ip>148.202.79.57</ip>
    <pais>BR</pais>
  </usuario>
  <usuario>
    <id>2</id>
    <nombre>Robers</nombre>
    <apellido>Targett</apellido>
    <email>rtargett1@answers.com</email>
    <edad>32</edad>
    <ip>7.14.19.179</ip>
    <pais>MX</pais>
  </usuario>
  <usuario>
    <id>3</id>
    <nombre>Ferguson</nombre>
    <apellido>McCorrie</apellido>
    <email>fmccorrie2@drupal.org</email>
    <edad>76</edad>
    <ip>1.82.152.168</ip>
    <pais>PH</pais>
  </usuario>
  <usuario>
    <id>4</id>
    <nombre>Minni</nombre>
    <apellido>Gadaud</apellido>
    <email>mgadaud3@icio.us</email>
    <edad>65</edad>
    <ip>222.240.225.206</ip>
    <pais>NI</pais>
  </usuario>
  <usuario>
    <id>5</id>
    <nombre>Thatcher</nombre>
    <apellido>Weeden</apellido>
    <email>tweeden4@paginegialle.it</email>
    <edad>60</edad>
    <ip>10.159.77.138</ip>
    <pais>PH</pais>
  </usuario>
  <usuario>
    <id>6</id>
    <nombre>Lynna</nombre>
    <apellido>Novello</apellido>
    <email>lnovello5@cbsnews.com</email>
    <edad>89</edad>
    <ip>249.117.170.24</ip>
    <pais>ID</pais>
  </usuario>
  <usuario>
    <id>7</id>
    <nombre>Donny</nombre>
    <apellido>Spavon</apellido>
    <email>dspavon6@jigsy.com</email>
    <edad>78</edad>
    <ip>180.239.176.18</ip>
    <pais>RU</pais>
  </usuario>
  <usuario>
    <id>8</id>
    <nombre>Katerine</nombre>
    <apellido>Achrameev</apellido>
    <email>kachrameev7@europa.eu</email>
    <edad>58</edad>
    <ip>213.179.15.120</ip>
    <pais>PT</pais>
  </usuario>
  <usuario>
    <id>9</id>
    <nombre>Stacee</nombre>
    <apellido>Piatek</apellido>
    <email>spiatek8@cdc.gov</email>
    <edad>47</edad>
    <ip>228.172.91.152</ip>
    <pais>JP</pais>
  </usuario>
  <usuario>
    <id>10</id>
    <nombre>Scottie</nombre>
    <apellido>Frew</apellido>
    <email>sfrew9@aol.com</email>
    <edad>24</edad>
    <ip>188.160.168.108</ip>
    <pais>PH</pais>
  </usuario>
  <usuario>
    <id>11</id>
    <nombre>Ferrel</nombre>
    <apellido>Beckwith</apellido>
    <email>fbeckwitha@a8.net</email>
    <edad>67</edad>
    <ip>19.104.233.216</ip>
    <pais>CU</pais>
  </usuario>
  <usuario>
    <id>12</id>
    <nombre>Paloma</nombre>
    <apellido>Jenks</apellido>
    <email>pjenksb@delicious.com</email>
    <edad>41</edad>
    <ip>236.75.131.94</ip>
    <pais>ID</pais>
  </usuario>
  <usuario>
    <id>13</id>
    <nombre>Shaina</nombre>
    <apellido>Rosenfelder</apellido>
    <email>srosenfelderc@ezinearticles.com</email>
    <edad>83</edad>
    <ip>221.41.195.108</ip>
    <pais>PL</pais>
  </usuario>
  <usuario>
    <id>14</id>
    <nombre>Christophorus</nombre>
    <apellido>Merchant</apellido>
    <email>cmerchantd@apple.com</email>
    <edad>37</edad>
    <ip>35.63.216.244</ip>
    <pais>BR</pais>
  </usuario>
  <usuario>
    <id>15</id>
    <nombre>Keeley</nombre>
    <apellido>Lowndsborough</apellido>
    <email>klowndsboroughe@ucsd.edu</email>
    <edad>34</edad>
    <ip>86.50.167.118</ip>
    <pais>ID</pais>
  </usuario>
  <usuario>
    <id>16</id>
    <nombre>Cole</nombre>
    <apellido>Pizzie</apellido>
    <email>cpizzief@baidu.com</email>
    <edad>60</edad>
    <ip>142.12.137.60</ip>
    <pais>FI</pais>
  </usuario>
  <usuario>
    <id>17</id>
    <nombre>Dennie</nombre>
    <apellido>Sate</apellido>
    <email>dsateg@washington.edu</email>
    <edad>30</edad>
    <ip>135.244.200.82</ip>
    <pais>PL</pais>
  </usuario>
  <usuario>
    <id>18</id>
    <nombre>Nevsa</nombre>
    <apellido>Wines</apellido>
    <email>nwinesh@newyorker.com</email>
    <edad>84</edad>
    <ip>89.133.224.126</ip>
    <pais>BR</pais>
  </usuario>
  <usuario>
    <id>19</id>
    <nombre>Callean</nombre>
    <apellido>Hentzer</apellido>
    <email>chentzeri@bing.com</email>
    <edad>15</edad>
    <ip>107.148.158.181</ip>
    <pais>ID</pais>
  </usuario>
  <usuario>
    <id>20</id>
    <nombre>Amelie</nombre>
    <apellido>Rickhuss</apellido>
    <email>arickhussj@ebay.co.uk</email>
    <edad>34</edad>
    <ip>155.173.188.190</ip>
    <pais>ID</pais>
  </usuario>
  <usuario>
    <id>21</id>
    <nombre>Maximilianus</nombre>
    <apellido>Attenborrow</apellido>
    <email>mattenborrowk@icq.com</email>
    <edad>72</edad>
    <ip>0.49.248.195</ip>
    <pais>PE</pais>
  </usuario>
  <usuario>
    <id>22</id>
    <nombre>Veradis</nombre>
    <apellido>Deeks</apellido>
    <email>vdeeksl@go.com</email>
    <edad>29</edad>
    <ip>49.140.53.246</ip>
    <pais>RU</pais>
  </usuario>
  <usuario>
    <id>23</id>
    <nombre>Reagen</nombre>
    <apellido>Margarson</apellido>
    <email>rmargarsonm@rambler.ru</email>
    <edad>45</edad>
    <ip>116.219.50.171</ip>
    <pais>NL</pais>
  </usuario>
  <usuario>
    <id>24</id>
    <nombre>Madeline</nombre>
    <apellido>Purselowe</apellido>
    <email>mpurselowen@dedecms.com</email>
    <edad>84</edad>
    <ip>144.247.205.180</ip>
    <pais>CN</pais>
  </usuario>
  <usuario>
    <id>25</id>
    <nombre>Mab</nombre>
    <apellido>McCarroll</apellido>
    <email>mmccarrollo@howstuffworks.com</email>
    <edad>76</edad>
    <ip>81.88.189.119</ip>
    <pais>PT</pais>
  </usuario>
  <usuario>
    <id>26</id>
    <nombre>Minny</nombre>
    <apellido>Lackinton</apellido>
    <email>mlackintonp@jigsy.com</email>
    <edad>20</edad>
    <ip>93.164.165.130</ip>
    <pais>CZ</pais>
  </usuario>
  <usuario>
    <id>27</id>
    <nombre>Burr</nombre>
    <apellido>Persence</apellido>
    <email>bpersenceq@dailymotion.com</email>
    <edad>86</edad>
    <ip>174.46.79.53</ip>
    <pais>ID</pais>
  </usuario>
  <usuario>
    <id>28</id>
    <nombre>Brittani</nombre>
    <apellido>Wynrehame</apellido>
    <email>bwynrehamer@tinypic.com</email>
    <edad>90</edad>
    <ip>211.34.93.250</ip>
    <pais>ES</pais>
  </usuario>
  <usuario>
    <id>29</id>
    <nombre>Wildon</nombre>
    <apellido>Taylorson</apellido>
    <email>wtaylorsons@artisteer.com</email>
    <edad>46</edad>
    <ip>30.175.220.205</ip>
    <pais>BR</pais>
  </usuario>
  <usuario>
    <id>30</id>
    <nombre>Sabine</nombre>
    <apellido>Farley</apellido>
    <email>sfarleyt@nsw.gov.au</email>
    <edad>54</edad>
    <ip>213.126.85.82</ip>
    <pais>FM</pais>
  </usuario>
  <usuario>
    <id>31</id>
    <nombre>Ivory</nombre>
    <apellido>Wilcockes</apellido>
    <email>iwilcockesu@bloomberg.com</email>
    <edad>51</edad>
    <ip>66.217.104.166</ip>
    <pais>FR</pais>
  </usuario>
  <usuario>
    <id>32</id>
    <nombre>Terrye</nombre>
    <apellido>Patrono</apellido>
    <email>tpatronov@oakley.com</email>
    <edad>84</edad>
    <ip>23.177.19.230</ip>
    <pais>FR</pais>
  </usuario>
  <usuario>
    <id>33</id>
    <nombre>Shantee</nombre>
    <apellido>Branchflower</apellido>
    <email>sbranchflowerw@nydailynews.com</email>
    <edad>20</edad>
    <ip>131.235.163.139</ip>
    <pais>PY</pais>
  </usuario>
  <usuario>
    <id>34</id>
    <nombre>Cal</nombre>
    <apellido>Glazier</apellido>
    <email>cglazierx@aol.com</email>
    <edad>25</edad>
    <ip>111.34.238.249</ip>
    <pais>ID</pais>
  </usuario>
  <usuario>
    <id>35</id>
    <nombre>Orv</nombre>
    <apellido>Cornehl</apellido>
    <email>ocornehly@senate.gov</email>
    <edad>20</edad>
    <ip>224.157.35.4</ip>
    <pais>CN</pais>
  </usuario>
  <usuario>
    <id>36</id>
    <nombre>Rozalie</nombre>
    <apellido>Van T'Hoog</apellido>
    <email>rvanthoogz@histats.com</email>
    <edad>83</edad>
    <ip>61.123.76.157</ip>
    <pais>ID</pais>
  </usuario>
  <usuario>
    <id>37</id>
    <nombre>Alfy</nombre>
    <apellido>Paulucci</apellido>
    <email>apaulucci10@google.cn</email>
    <edad>20</edad>
    <ip>116.62.204.69</ip>
    <pais>ID</pais>
  </usuario>
  <usuario>
    <id>38</id>
    <nombre>Malynda</nombre>
    <apellido>O'Griffin</apellido>
    <email>mogriffin11@narod.ru</email>
    <edad>81</edad>
    <ip>130.2.124.163</ip>
    <pais>RU</pais>
  </usuario>
  <usuario>
    <id>39</id>
    <nombre>Lesley</nombre>
    <apellido>Harwin</apellido>
    <email>lharwin12@about.com</email>
    <edad>81</edad>
    <ip>231.243.199.205</ip>
    <pais>CN</pais>
  </usuario>
  <usuario>
    <id>40</id>
    <nombre>Dorie</nombre>
    <apellido>Havers</apellido>
    <email>dhavers13@squarespace.com</email>
    <edad>75</edad>
    <ip>228.106.189.158</ip>
    <pais>ID</pais>
  </usuario>
  <usuario>
    <id>41</id>
    <nombre>Euell</nombre>
    <apellido>Brecknall</apellido>
    <email>ebrecknall14@paypal.com</email>
    <edad>49</edad>
    <ip>6.198.27.177</ip>
    <pais>MN</pais>
  </usuario>
  <usuario>
    <id>42</id>
    <nombre>Jamie</nombre>
    <apellido>Skillicorn</apellido>
    <email>jskillicorn15@seattletimes.com</email>
    <edad>63</edad>
    <ip>43.28.52.246</ip>
    <pais>CN</pais>
  </usuario>
  <usuario>
    <id>43</id>
    <nombre>Lothaire</nombre>
    <apellido>Normanell</apellido>
    <email>lnormanell16@reverbnation.com</email>
    <edad>70</edad>
    <ip>71.228.32.248</ip>
    <pais>ID</pais>
  </usuario>
  <usuario>
    <id>44</id>
    <nombre>Germana</nombre>
    <apellido>Renne</apellido>
    <email>grenne17@wisc.edu</email>
    <edad>80</edad>
    <ip>183.231.212.195</ip>
    <pais>LY</pais>
  </usuario>
  <usuario>
    <id>45</id>
    <nombre>Gram</nombre>
    <apellido>Bowlas</apellido>
    <email>gbowlas18@ameblo.jp</email>
    <edad>39</edad>
    <ip>87.149.183.207</ip>
    <pais>ID</pais>
  </usuario>
  <usuario>
    <id>46</id>
    <nombre>Delphine</nombre>
    <apellido>Morris</apellido>
    <email>dmorris19@springer.com</email>
    <edad>21</edad>
    <ip>5.34.176.140</ip>
    <pais>NG</pais>
  </usuario>
  <usuario>
    <id>47</id>
    <nombre>Freddy</nombre>
    <apellido>Hambling</apellido>
    <email>fhambling1a@discovery.com</email>
    <edad>57</edad>
    <ip>44.120.80.41</ip>
    <pais>GT</pais>
  </usuario>
  <usuario>
    <id>48</id>
    <nombre>Elfreda</nombre>
    <apellido>Frise</apellido>
    <email>efrise1b@bing.com</email>
    <edad>31</edad>
    <ip>15.123.83.80</ip>
    <pais>CN</pais>
  </usuario>
  <usuario>
    <id>49</id>
    <nombre>Marc</nombre>
    <apellido>Allright</apellido>
    <email>mallright1c@senate.gov</email>
    <edad>59</edad>
    <ip>239.170.171.123</ip>
    <pais>CN</pais>
  </usuario>
  <usuario>
    <id>50</id>
    <nombre>Venus</nombre>
    <apellido>Paramore</apellido>
    <email>vparamore1d@aboutads.info</email>
    <edad>66</edad>
    <ip>39.197.109.229</ip>
    <pais>FI</pais>
  </usuario>
  <usuario>
    <id>51</id>
    <nombre>Tiffany</nombre>
    <apellido>Baguley</apellido>
    <email>tbaguley1e@ow.ly</email>
    <edad>65</edad>
    <ip>114.62.232.216</ip>
    <pais>CN</pais>
  </usuario>
  <usuario>
    <id>52</id>
    <nombre>Meir</nombre>
    <apellido>Burkman</apellido>
    <email>mburkman1f@1und1.de</email>
    <edad>64</edad>
    <ip>176.74.140.22</ip>
    <pais>UA</pais>
  </usuario>
  <usuario>
    <id>53</id>
    <nombre>Lacey</nombre>
    <apellido>O' Lone</apellido>
    <email>lolone1g@gizmodo.com</email>
    <edad>25</edad>
    <ip>66.81.18.239</ip>
    <pais>HU</pais>
  </usuario>
  <usuario>
    <id>54</id>
    <nombre>Henrieta</nombre>
    <apellido>Habert</apellido>
    <email>hhabert1h@behance.net</email>
    <edad>32</edad>
    <ip>83.204.145.199</ip>
    <pais>CN</pais>
  </usuario>
  <usuario>
    <id>55</id>
    <nombre>Danit</nombre>
    <apellido>Carman</apellido>
    <email>dcarman1i@artisteer.com</email>
    <edad>89</edad>
    <ip>49.183.50.166</ip>
    <pais>AR</pais>
  </usuario>
  <usuario>
    <id>56</id>
    <nombre>Ryon</nombre>
    <apellido>Harcase</apellido>
    <email>rharcase1j@ask.com</email>
    <edad>30</edad>
    <ip>217.13.90.158</ip>
    <pais>AZ</pais>
  </usuario>
  <usuario>
    <id>57</id>
    <nombre>Rafaelia</nombre>
    <apellido>Larby</apellido>
    <email>rlarby1k@hp.com</email>
    <edad>86</edad>
    <ip>76.248.176.246</ip>
    <pais>PE</pais>
  </usuario>
  <usuario>
    <id>58</id>
    <nombre>Carolann</nombre>
    <apellido>Kippling</apellido>
    <email>ckippling1l@parallels.com</email>
    <edad>19</edad>
    <ip>146.6.215.17</ip>
    <pais>CN</pais>
  </usuario>
  <usuario>
    <id>59</id>
    <nombre>Jelene</nombre>
    <apellido>Puttick</apellido>
    <email>jputtick1m@va.gov</email>
    <edad>48</edad>
    <ip>133.186.217.237</ip>
    <pais>US</pais>
  </usuario>
  <usuario>
    <id>60</id>
    <nombre>Hermia</nombre>
    <apellido>Crosson</apellido>
    <email>hcrosson1n@studiopress.com</email>
    <edad>20</edad>
    <ip>216.47.80.220</ip>
    <pais>CN</pais>
  </usuario>
  <usuario>
    <id>61</id>
    <nombre>Myrah</nombre>
    <apellido>Karpol</apellido>
    <email>mkarpol1o@sun.com</email>
    <edad>61</edad>
    <ip>73.147.17.195</ip>
    <pais>ID</pais>
  </usuario>
  <usuario>
    <id>62</id>
    <nombre>Ninette</nombre>
    <apellido>Kingsley</apellido>
    <email>nkingsley1p@mtv.com</email>
    <edad>27</edad>
    <ip>104.162.99.53</ip>
    <pais>VE</pais>
  </usuario>
  <usuario>
    <id>63</id>
    <nombre>Jasmin</nombre>
    <apellido>Capps</apellido>
    <email>jcapps1q@t.co</email>
    <edad>42</edad>
    <ip>22.114.208.117</ip>
    <pais>UA</pais>
  </usuario>
  <usuario>
    <id>64</id>
    <nombre>Bren</nombre>
    <apellido>Rubinsohn</apellido>
    <email>brubinsohn1r@purevolume.com</email>
    <edad>38</edad>
    <ip>53.140.207.129</ip>
    <pais>DM</pais>
  </usuario>
  <usuario>
    <id>65</id>
    <nombre>Nicolle</nombre>
    <apellido>Search</apellido>
    <email>nsearch1s@google.es</email>
    <edad>69</edad>
    <ip>48.54.3.136</ip>
    <pais>CN</pais>
  </usuario>
  <usuario>
    <id>66</id>
    <nombre>Florencia</nombre>
    <apellido>Kidstone</apellido>
    <email>fkidstone1t@wufoo.com</email>
    <edad>83</edad>
    <ip>215.122.2.144</ip>
    <pais>BR</pais>
  </usuario>
  <usuario>
    <id>67</id>
    <nombre>Laureen</nombre>
    <apellido>Bradfield</apellido>
    <email>lbradfield1u@delicious.com</email>
    <edad>82</edad>
    <ip>249.175.45.87</ip>
    <pais>AM</pais>
  </usuario>
  <usuario>
    <id>68</id>
    <nombre>Shawn</nombre>
    <apellido>Cleghorn</apellido>
    <email>scleghorn1v@tamu.edu</email>
    <edad>61</edad>
    <ip>185.84.0.55</ip>
    <pais>RU</pais>
  </usuario>
  <usuario>
    <id>69</id>
    <nombre>Romonda</nombre>
    <apellido>Balsellie</apellido>
    <email>rbalsellie1w@taobao.com</email>
    <edad>18</edad>
    <ip>104.139.27.62</ip>
    <pais>ID</pais>
  </usuario>
  <usuario>
    <id>70</id>
    <nombre>Gunner</nombre>
    <apellido>Jelk</apellido>
    <email>gjelk1x@google.ca</email>
    <edad>61</edad>
    <ip>112.41.200.145</ip>
    <pais>RU</pais>
  </usuario>
  <usuario>
    <id>71</id>
    <nombre>Marianna</nombre>
    <apellido>Giaomozzo</apellido>
    <email>mgiaomozzo1y@ucla.edu</email>
    <edad>42</edad>
    <ip>89.146.12.42</ip>
    <pais>YE</pais>
  </usuario>
  <usuario>
    <id>72</id>
    <nombre>Robena</nombre>
    <apellido>Maymand</apellido>
    <email>rmaymand1z@discuz.net</email>
    <edad>85</edad>
    <ip>57.251.255.35</ip>
    <pais>CI</pais>
  </usuario>
  <usuario>
    <id>73</id>
    <nombre>Mignonne</nombre>
    <apellido>Suter</apellido>
    <email>msuter20@wisc.edu</email>
    <edad>32</edad>
    <ip>114.75.157.172</ip>
    <pais>PE</pais>
  </usuario>
  <usuario>
    <id>74</id>
    <nombre>Sauveur</nombre>
    <apellido>Habberjam</apellido>
    <email>shabberjam21@yelp.com</email>
    <edad>32</edad>
    <ip>108.188.59.219</ip>
    <pais>AR</pais>
  </usuario>
  <usuario>
    <id>75</id>
    <nombre>Van</nombre>
    <apellido>Gandar</apellido>
    <email>vgandar22@nba.com</email>
    <edad>66</edad>
    <ip>55.78.200.53</ip>
    <pais>CN</pais>
  </usuario>
  <usuario>
    <id>76</id>
    <nombre>Cyndi</nombre>
    <apellido>Bootland</apellido>
    <email>cbootland23@geocities.jp</email>
    <edad>20</edad>
    <ip>215.77.237.170</ip>
    <pais>CN</pais>
  </usuario>
  <usuario>
    <id>77</id>
    <nombre>Idalina</nombre>
    <apellido>Pask</apellido>
    <email>ipask24@unicef.org</email>
    <edad>22</edad>
    <ip>208.114.56.123</ip>
    <pais>CN</pais>
  </usuario>
  <usuario>
    <id>78</id>
    <nombre>Jordon</nombre>
    <apellido>Leyson</apellido>
    <email>jleyson25@un.org</email>
    <edad>66</edad>
    <ip>37.237.70.93</ip>
    <pais>RU</pais>
  </usuario>
  <usuario>
    <id>79</id>
    <nombre>Alden</nombre>
    <apellido>Branscomb</apellido>
    <email>abranscomb26@auda.org.au</email>
    <edad>51</edad>
    <ip>59.191.84.96</ip>
    <pais>CN</pais>
  </usuario>
  <usuario>
    <id>80</id>
    <nombre>Rosamund</nombre>
    <apellido>Rotlauf</apellido>
    <email>rrotlauf27@wikipedia.org</email>
    <edad>48</edad>
    <ip>3.24.20.23</ip>
    <pais>PH</pais>
  </usuario>
  <usuario>
    <id>81</id>
    <nombre>Chlo</nombre>
    <apellido>Retter</apellido>
    <email>cretter28@wsj.com</email>
    <edad>18</edad>
    <ip>38.252.137.230</ip>
    <pais>SE</pais>
  </usuario>
  <usuario>
    <id>82</id>
    <nombre>Westley</nombre>
    <apellido>Budding</apellido>
    <email>wbudding29@yelp.com</email>
    <edad>80</edad>
    <ip>176.192.216.101</ip>
    <pais>PL</pais>
  </usuario>
  <usuario>
    <id>83</id>
    <nombre>Keene</nombre>
    <apellido>Vasentsov</apellido>
    <email>kvasentsov2a@odnoklassniki.ru</email>
    <edad>58</edad>
    <ip>88.222.239.65</ip>
    <pais>FR</pais>
  </usuario>
  <usuario>
    <id>84</id>
    <nombre>Melly</nombre>
    <apellido>Snoding</apellido>
    <email>msnoding2b@wikipedia.org</email>
    <edad>49</edad>
    <ip>244.74.12.164</ip>
    <pais>CN</pais>
  </usuario>
  <usuario>
    <id>85</id>
    <nombre>Betti</nombre>
    <apellido>Barnardo</apellido>
    <email>bbarnardo2c@free.fr</email>
    <edad>40</edad>
    <ip>87.230.186.186</ip>
    <pais>VN</pais>
  </usuario>
  <usuario>
    <id>86</id>
    <nombre>Danya</nombre>
    <apellido>Lawrie</apellido>
    <email>dlawrie2d@github.com</email>
    <edad>16</edad>
    <ip>234.102.10.156</ip>
    <pais>PT</pais>
  </usuario>
  <usuario>
    <id>87</id>
    <nombre>Ezequiel</nombre>
    <apellido>Feilden</apellido>
    <email>efeilden2e@springer.com</email>
    <edad>89</edad>
    <ip>144.227.94.172</ip>
    <pais>JO</pais>
  </usuario>
  <usuario>
    <id>88</id>
    <nombre>Hedda</nombre>
    <apellido>Hampton</apellido>
    <email>hhampton2f@vistaprint.com</email>
    <edad>66</edad>
    <ip>206.28.66.221</ip>
    <pais>MG</pais>
  </usuario>
  <usuario>
    <id>89</id>
    <nombre>Ruthi</nombre>
    <apellido>Barrass</apellido>
    <email>rbarrass2g@1688.com</email>
    <edad>77</edad>
    <ip>43.75.220.207</ip>
    <pais>SY</pais>
  </usuario>
  <usuario>
    <id>90</id>
    <nombre>Kathryn</nombre>
    <apellido>MacNockater</apellido>
    <email>kmacnockater2h@pinterest.com</email>
    <edad>89</edad>
    <ip>112.128.225.78</ip>
    <pais>ID</pais>
  </usuario>
  <usuario>
    <id>91</id>
    <nombre>Sherri</nombre>
    <apellido>Verny</apellido>
    <email>sverny2i@freewebs.com</email>
    <edad>54</edad>
    <ip>161.173.75.197</ip>
    <pais>CN</pais>
  </usuario>
  <usuario>
    <id>92</id>
    <nombre>Gibb</nombre>
    <apellido>Lossman</apellido>
    <email>glossman2j@microsoft.com</email>
    <edad>18</edad>
    <ip>134.106.94.40</ip>
    <pais>VE</pais>
  </usuario>
  <usuario>
    <id>93</id>
    <nombre>Darlene</nombre>
    <apellido>MacMechan</apellido>
    <email>dmacmechan2k@nhs.uk</email>
    <edad>80</edad>
    <ip>146.50.141.255</ip>
    <pais>US</pais>
  </usuario>
  <usuario>
    <id>94</id>
    <nombre>Sioux</nombre>
    <apellido>Alsop</apellido>
    <email>salsop2l@weather.com</email>
    <edad>64</edad>
    <ip>245.84.66.224</ip>
    <pais>CZ</pais>
  </usuario>
  <usuario>
    <id>95</id>
    <nombre>Giacobo</nombre>
    <apellido>Brodbin</apellido>
    <email>gbrodbin2m@xing.com</email>
    <edad>86</edad>
    <ip>30.211.42.34</ip>
    <pais>CH</pais>
  </usuario>
  <usuario>
    <id>96</id>
    <nombre>Kelcey</nombre>
    <apellido>Poulson</apellido>
    <email>kpoulson2n@comsenz.com</email>
    <edad>19</edad>
    <ip>112.185.32.243</ip>
    <pais>VN</pais>
  </usuario>
  <usuario>
    <id>97</id>
    <nombre>Aleece</nombre>
    <apellido>Quinn</apellido>
    <email>aquinn2o@hatena.ne.jp</email>
    <edad>51</edad>
    <ip>175.250.128.106</ip>
    <pais>RU</pais>
  </usuario>
  <usuario>
    <id>98</id>
    <nombre>Marv</nombre>
    <apellido>Kane</apellido>
    <email>mkane2p@latimes.com</email>
    <edad>53</edad>
    <ip>242.184.129.184</ip>
    <pais>FR</pais>
  </usuario>
  <usuario>
    <id>99</id>
    <nombre>Leora</nombre>
    <apellido>Poulson</apellido>
    <email>lpoulson2q@live.com</email>
    <edad>87</edad>
    <ip>240.206.20.117</ip>
    <pais>MX</pais>
  </usuario>
  <usuario>
    <id>100</id>
    <nombre>Cirillo</nombre>
    <apellido>Elders</apellido>
    <email>celders2r@stumbleupon.com</email>
    <edad>82</edad>
    <ip>62.162.174.159</ip>
    <pais>BR</pais>
  </usuario>
</usuarios>
