<?xml version="1.0" encoding="UTF-8"?>
<!DOCTYPE edificio [
<!ELEMENT edificio (enderezo, dataConstrucion, material?)>
<!ELEMENT enderezo (rua, numero, poboacion, provincia, codigoPostal)>
<!ELEMENT rua (#PCDATA)>
<!ELEMENT numero (#PCDATA)>
<!ELEMENT poboacion (#PCDATA)>
<!ELEMENT provincia (#PCDATA)>
<!ELEMENT codigoPostal (#PCDATA)>
<!ELEMENT dataConstrucion EMPTY>
<!ATTLIST dataConstrucion
          mes CDATA #REQUIRED
          ano CDATA #REQUIRED
>
<!ELEMENT material  (#PCDATA)>
<!ATTLIST edificio
          valor CDATA #IMPLIED
          alquiler (verdadeiro|falso) #REQUIRED>
 ]>
 
<edificio valor="" alquiler="verdadeiro">
    <enderezo>
        <rua>Ponzano</rua>
        <numero>66</numero>
        <poboacion>Madrid</poboacion>
        <provincia></provincia>
        <codigoPostal>28003</codigoPostal>
    </enderezo>
    <dataConstrucion mes="febrero" ano="1989"></dataConstrucion>
    <material></material>
</edificio>